cgpa,sgpa,10th_percentage,12th_percentage,certification_platform,paid_or_unpaid_member,clubs_joined,avg_time_on_social_media,social_media,Fast_slow_learner
8.56,6.4,78.58,94.56,udemy,1,2,1.8,whatsapp,0
6.1,8.74,91.51,86.04,udemy,1,2,4.4,instagram,1
7.1,8.18,80.53,87.49,coding ninja,0,4,6.4,linkedin,0
6.89,9.91,82.51,66.51,linkedin learning,0,5,0,whatsapp,0
8.95,7.43,76.52,62.95,coursera,0,3,2,instagram,0
8.71,7.59,98.71,93.83,coursera,0,2,3.1,instagram,1
9.57,6.76,96.99,71.8,udemy,1,0,5.8,whatsapp,0
6.35,6.49,97.79,72.75,coding ninja,1,0,1.1,youtube,0
7.69,9.39,90.65,98.07,coursera,1,2,2.5,youtube,1
6.12,7.82,85.68,62.97,coding ninja,1,2,7.1,linkedin,0
6.87,8.65,87.39,66.8,edx,1,3,7.7,facebook,0
8.02,8.57,99.31,75.02,udemy,0,3,6.5,youtube,1
6.11,8.39,98.54,89.28,coursera,1,4,1.3,whatsapp,0
6.8,6.09,91.78,81.88,coding ninja,0,4,5.9,whatsapp,0
8.6,9.15,94.65,95.92,linkedin learning,1,0,4.1,whatsapp,0
8.18,6.97,82.97,63.72,coding ninja,1,3,9.4,whatsapp,0
6.88,6.5,85.41,83.76,coding ninja,0,5,4.5,youtube,0
8.36,8.26,78.73,84.55,edx,1,4,8.7,linkedin,1
9.24,6.27,84.41,79.31,coursera,1,5,1.3,instagram,0
6.03,9.06,93.86,61.24,coursera,1,4,1.7,instagram,0
9.22,6.83,86.84,97.7,udemy,0,2,5.9,youtube,1
8.79,6.86,96.23,66.6,coding ninja,1,3,3.3,linkedin,1
7.36,9.48,82.52,95.59,linkedin learning,1,4,2.8,whatsapp,0
6.62,7.31,92.69,66.28,edx,0,2,0.8,facebook,1
9.83,6.59,95.14,64.05,coding ninja,0,5,3.7,youtube,1
7.35,9.6,97.87,68.22,linkedin learning,0,5,3.9,youtube,1
6.37,6.01,89.06,67.6,udemy,0,0,3.8,whatsapp,0
6.39,9.43,99.19,87.89,edx,0,1,8.3,youtube,1
9.39,6.58,88.93,88.88,coursera,0,3,5.7,instagram,0
8.41,6.52,78.35,89.2,coursera,1,0,0.2,whatsapp,1
9.23,7,81.07,70.61,coding ninja,1,0,0.2,instagram,0
8.92,6.7,80.08,71.26,edx,1,3,5.6,whatsapp,0
8.14,8.64,91.17,69.5,linkedin learning,1,1,6.1,facebook,1
9.89,6.1,98.06,61.99,udemy,1,2,2.3,instagram,0
7.51,6.06,96.18,82.87,udemy,1,0,0.9,whatsapp,1
8.21,9.16,77.31,93.59,coursera,0,0,4.6,youtube,0
9.32,6.95,93.11,66.14,coursera,1,1,2.6,youtube,0
8.47,7.3,79.76,74.43,udemy,1,2,8.5,linkedin,0
9.45,6.7,81.71,77.1,coursera,1,0,0.5,whatsapp,0
8.31,6.21,91.84,71.78,udemy,1,5,6.2,facebook,1
8.82,8.97,90.07,86.48,coding ninja,0,1,6,linkedin,1
6.18,8.1,96.84,84.01,linkedin learning,1,3,1.5,youtube,0
6.91,8.98,79.7,67.99,edx,0,1,9.6,facebook,0
7.16,7.9,94.04,61.03,coding ninja,1,1,1.7,whatsapp,0
6.32,9.11,93.11,66.83,edx,0,4,5.7,youtube,0
6.93,8.05,88.97,71.67,udemy,0,5,0.1,linkedin,0
6.4,6.44,86.98,63.28,linkedin learning,1,0,5.3,youtube,0
7.11,8.02,96.74,93.75,coding ninja,0,2,7.7,instagram,0
8.54,9.78,83.32,72.33,coursera,0,3,9.3,linkedin,1
7.46,6.17,98.93,75.9,edx,0,5,8.3,youtube,1
7.48,9.13,75.38,79.56,edx,1,4,4.9,linkedin,0
6.84,9.47,98.43,86.44,coursera,1,1,2.2,whatsapp,0
7.07,8.09,99.05,63.65,coding ninja,1,3,2,instagram,0
9.75,7.83,77.93,81.77,coursera,1,2,9.5,instagram,1
8.59,9.86,99.99,67.4,edx,1,3,8.1,youtube,1
8.44,6.24,86.97,95.42,coursera,0,3,2.7,linkedin,0
6.68,7.92,81.06,74.78,edx,1,5,7.5,linkedin,1
8.92,7.61,90.11,77.83,coding ninja,0,5,3.8,linkedin,1
6.65,8.74,80.11,70.53,linkedin learning,0,0,4.3,instagram,0
7.52,7.96,97.88,78.6,coding ninja,1,2,2.1,youtube,1
9.96,9.64,88.8,69.05,coursera,1,1,2.2,linkedin,1
8.56,6.29,94.39,70.74,coursera,1,0,8.2,youtube,0
8.23,6.32,84.52,62.47,coding ninja,1,0,7.3,facebook,0
8.74,8.43,88.34,90.09,linkedin learning,1,1,1.9,whatsapp,1
9.37,6.26,83.98,86.7,edx,0,4,1.8,whatsapp,0
9.1,7.1,81.54,63.43,coursera,0,5,7.9,whatsapp,1
6.92,8.53,87.82,73.75,coursera,0,2,0.3,linkedin,0
6.13,8.19,87.43,81.66,coding ninja,0,3,9.8,whatsapp,0
7.26,7.3,77.47,98.83,edx,1,4,2.4,linkedin,0
7.07,9.98,99.53,83.59,edx,0,2,4.5,whatsapp,1
6.84,8.12,86.74,82.14,coursera,0,5,2.5,instagram,0
9.77,7.81,95.99,93.63,edx,1,5,5.8,linkedin,1
9.51,8.42,97.86,92.74,coding ninja,0,2,6.5,linkedin,1
7.26,6.4,84.27,76.75,linkedin learning,0,3,0.9,youtube,0
8.62,8.81,85.35,81.42,udemy,0,4,4.7,whatsapp,1
7.58,9.41,89.06,94.68,linkedin learning,1,5,8.7,instagram,0
9.66,8.6,80.53,78.99,coding ninja,1,5,9.7,instagram,1
7.84,9.08,78.65,95.27,linkedin learning,0,4,4,youtube,0
7.06,8.88,81.52,79.05,udemy,0,4,2.1,facebook,0
6.99,6.86,98.37,63.16,linkedin learning,1,3,3.8,whatsapp,0
8.25,7.81,89.48,96.11,coursera,1,3,4.2,facebook,1
7.05,6.91,85.44,88.57,coding ninja,0,2,6,instagram,0
8.34,7.36,78.81,80.08,edx,1,4,0.7,linkedin,0
9.59,7.81,83.25,96.02,coursera,0,1,5.6,youtube,1
7.6,7.66,84.5,92.02,coursera,1,2,0.5,instagram,0
6.88,6.38,95.83,87.1,udemy,1,1,9.3,whatsapp,0
9.99,7.71,87.48,84.81,linkedin learning,0,2,4.7,youtube,1
8.04,8.66,91.37,64.81,coding ninja,0,1,3.5,facebook,1
6.36,7.5,92.12,90.29,udemy,0,3,6.1,linkedin,0
6.19,6.61,81.43,66.92,udemy,0,2,6.7,youtube,0
6.44,9.69,95.54,99.37,linkedin learning,0,2,8,youtube,0
8.51,6.27,99.16,98.89,coding ninja,0,0,7.1,instagram,0
9.17,9.33,91.04,92.34,coursera,1,1,8.1,linkedin,1
7.69,6.37,87.26,65.05,coding ninja,0,2,0.1,linkedin,0
6.25,6.39,79.21,76.93,udemy,0,2,5,linkedin,0
7.53,8.96,94.87,99.53,udemy,1,3,3.8,linkedin,0
9.98,9.25,79.23,77.42,edx,1,1,9.8,linkedin,1
8.12,8.23,93.01,99.89,linkedin learning,0,4,6.7,instagram,1
9.88,8.35,87.21,85.09,edx,0,1,1.3,linkedin,1
9.44,8.25,97.92,93.36,udemy,1,5,8.9,instagram,1
6.05,7.32,88.55,70.32,coursera,1,4,0.4,instagram,0
8.88,6.49,91.05,96.43,udemy,1,2,1.8,linkedin,0
8.73,7.41,76.47,96.57,coding ninja,1,1,1.7,facebook,0
8.15,8.66,75.85,62.68,coding ninja,0,1,4.9,whatsapp,1
7.07,9,96.17,75.52,coursera,0,5,3.4,linkedin,0
8.56,9.47,98.63,75.89,coursera,0,5,4.7,whatsapp,1
6.45,8.88,91.71,73.05,edx,0,5,0.9,instagram,0
7.74,9.87,94.11,71.05,coursera,1,1,7.1,facebook,1
7.81,8.4,85.31,78.33,udemy,1,1,4.3,instagram,0
9.82,7.41,96.06,94.94,linkedin learning,0,1,2.6,facebook,1
9.5,8.31,80.79,91.46,coding ninja,1,0,3.1,instagram,1
7.05,6.85,92.68,84.92,coding ninja,0,0,9.8,youtube,0
8,8.63,75.23,80.9,udemy,1,2,5,youtube,1
6.71,6.9,87.64,76.78,linkedin learning,0,4,9.7,youtube,0
9.65,6.43,84.33,76.58,coursera,0,1,2.8,facebook,0
9.48,9.38,90.45,65.93,edx,1,3,3.6,instagram,1
7.19,7.47,91.67,83.52,linkedin learning,1,2,4.3,whatsapp,0
8.56,9.05,90.41,90.34,udemy,1,2,9,facebook,1
8.44,8.3,87.08,97.59,coursera,1,1,2.6,facebook,1
6.61,9.23,87.2,97,coursera,0,1,8.3,facebook,0
9.05,9.38,75.17,82.51,coursera,0,4,9.3,instagram,1
8.16,9.9,88.79,64.04,linkedin learning,1,5,5.2,facebook,1
9.11,9.27,75.3,71.44,coursera,0,0,4.4,youtube,1
8.12,8.45,88.24,81.43,linkedin learning,1,5,1.6,whatsapp,1
6,8.57,81.87,73.75,udemy,0,2,7.4,instagram,0
7.3,6.11,99.44,76.44,edx,0,2,4.9,whatsapp,0
6.08,9.72,75.43,75.32,linkedin learning,1,1,9.5,instagram,0
9.72,9.32,95.33,79.42,udemy,1,2,5.6,instagram,1
9.51,7.07,91.85,84.36,linkedin learning,0,3,9.2,instagram,0
9.33,6.72,95.15,61.5,udemy,1,4,6.4,instagram,0
7.23,8.81,97.74,71.02,edx,1,1,4.4,whatsapp,0
6.23,7.24,77.68,65.75,coding ninja,1,4,1.9,youtube,0
9.51,7.36,77.41,84.35,edx,1,2,0.5,whatsapp,0
9.79,6.02,78.72,87.75,coding ninja,1,0,1.8,youtube,0
6.34,9.48,79.8,61.55,coding ninja,0,0,4.7,instagram,0
7.94,8.27,88.16,95.58,coursera,0,3,1.6,facebook,0
6.28,7.6,95.38,73.26,linkedin learning,0,3,4.7,instagram,0
9.04,6.57,81.68,69.5,coursera,0,1,1.2,instagram,0
9.06,8.53,84.92,89.83,udemy,0,3,9,instagram,1
6.51,6.12,84.33,96.83,udemy,1,2,4.9,linkedin,0
7.9,8.98,85.15,95.88,udemy,1,1,4.4,linkedin,0
8.2,6.86,89.13,60.81,coursera,1,0,9.9,youtube,1
7.06,7.68,99.76,92.7,edx,1,5,5.6,facebook,0
9.49,7.36,80.65,72.12,coursera,1,4,4.6,linkedin,1
7.69,7.48,92.1,71.21,coursera,0,4,1.1,youtube,0
6.85,8.89,96.2,79.66,edx,1,2,7.2,whatsapp,1
8.16,9.11,91.34,87.85,edx,0,5,1.5,linkedin,1
8.92,8.27,96.46,63.93,edx,0,5,3.5,whatsapp,1
6.8,6.34,93.99,94.76,linkedin learning,0,2,2,whatsapp,0
7.25,6.21,77.34,65.38,coursera,1,3,2.8,whatsapp,0
9.98,6.63,84.48,98.97,linkedin learning,0,2,8.3,linkedin,0
8.6,8.47,88.82,77.72,coding ninja,1,4,7.5,whatsapp,1
7.75,8.7,76.4,93.03,coding ninja,1,5,8.2,youtube,0
8.07,7.09,75.24,70.78,coursera,0,1,5.6,youtube,1
6.48,8.65,79.28,76.67,udemy,0,4,6.6,youtube,0
6.9,7.94,87.5,85.82,edx,0,5,2.1,linkedin,0
7.35,7.77,85.85,67.52,linkedin learning,0,3,10,linkedin,0
8.35,7.09,94.61,68.46,coding ninja,1,2,0,instagram,0
6.92,9.02,89.15,92.96,coursera,1,5,7.7,facebook,0
6.88,6.46,96.45,89.64,udemy,1,0,1.8,instagram,0
6.28,7.72,77.38,90.38,coursera,0,5,9.2,whatsapp,0
8.52,7.13,88.2,94.69,udemy,1,3,2.5,linkedin,0
6.92,8.71,76.06,92.84,coursera,1,0,5,linkedin,0
9.62,7.95,80.29,80.61,edx,1,1,0.9,whatsapp,1
9.44,8.67,96.7,66.36,edx,1,5,3.3,linkedin,1
6.28,6.18,97.19,72.44,udemy,1,4,2.8,linkedin,0
6.95,7.58,86.89,80.27,coursera,0,0,9.8,youtube,1
8.68,8.4,76.16,65.43,edx,1,2,1.2,facebook,1
6.86,6.03,76.86,94.05,coursera,1,0,3.7,instagram,0
6.53,7.21,98.14,95.17,coursera,1,3,9.3,whatsapp,0
9.74,6.84,97.48,61.16,edx,0,4,1.1,youtube,1
8.28,6.55,89.09,67.71,coding ninja,0,1,3.2,whatsapp,0
7.89,7.02,75.82,93.32,coding ninja,1,3,0.3,instagram,0
9.14,7.31,98.22,93.48,coursera,1,2,4.6,facebook,0
9.23,6.03,82.86,69.98,coding ninja,1,0,7.1,linkedin,0
6.76,8.99,99.04,78.26,linkedin learning,0,2,4.8,instagram,0
6.39,6.7,89.68,96.72,edx,1,0,6.3,instagram,0
7.72,7.52,93.81,88.19,coding ninja,1,4,2.7,whatsapp,0
7.69,8.81,92.82,70.96,coding ninja,0,5,6.6,linkedin,0
7.87,8,84.96,92.94,coursera,1,1,3.3,linkedin,0
8.92,9.33,76.92,80.21,udemy,0,4,0.4,linkedin,1
8.69,9.22,79.06,85.42,coding ninja,0,4,6.2,youtube,1
9.94,6.29,81.01,64.95,udemy,1,1,4.5,instagram,0
6.39,9.45,95.87,61.22,edx,1,2,9.5,instagram,1
7.61,6.17,84.73,74.9,udemy,0,1,10,youtube,0
7.36,6.07,97.41,83.76,coding ninja,0,0,9.1,facebook,0
9.45,9.68,83.29,67.1,linkedin learning,0,0,8,youtube,1
6.99,9.45,93.89,94.82,linkedin learning,0,4,1.3,facebook,0
6.76,8.3,78.5,83.48,edx,1,3,8.6,whatsapp,0
7.79,8.29,99.71,73.99,coding ninja,0,5,8,whatsapp,1
7.69,8.84,93.1,66.54,edx,1,5,2.8,instagram,0
7.11,7.67,87.52,95.78,coursera,0,0,8,youtube,1
7,6.46,99.36,89.96,coursera,0,4,7.4,youtube,0
9.69,6.08,76.34,87.55,udemy,1,3,5.5,youtube,1
7.77,7.3,85.93,71.4,edx,1,1,6,youtube,0
9.45,9.21,95.97,75.46,linkedin learning,0,3,0.9,youtube,1
8.2,8.47,83.51,66.52,edx,0,2,2.6,linkedin,1
6.2,9.33,94.23,82.89,udemy,0,4,2.4,whatsapp,0
10,9.68,98.87,98.6,coding ninja,1,4,7.7,linkedin,1
9.34,6.35,84.92,94.28,edx,1,4,4,facebook,0
9.88,9.38,94.34,85.9,udemy,1,0,0.2,youtube,0
9.71,6.97,75.74,87.11,coursera,1,5,2.1,linkedin,0
9.39,8.36,81.83,70.76,linkedin learning,1,2,3.9,whatsapp,1
6.67,8.1,99.81,76.38,coding ninja,0,3,4,linkedin,0
7.94,7.58,87.27,60.8,edx,0,1,6.5,facebook,0
6.85,7.24,83.9,91.21,edx,0,5,9.5,youtube,1
7.6,7.36,98.53,90.7,linkedin learning,0,3,1.5,youtube,0
6.23,7.33,85.8,60.36,coursera,0,2,3,linkedin,1
7.52,6.67,91.99,96.46,edx,0,3,8,instagram,0
9.94,8.04,91.52,85.89,linkedin learning,1,2,7.4,youtube,1
7.06,6.46,77.14,84.05,linkedin learning,0,0,9.2,whatsapp,0
9.14,8.04,90.47,60.34,coding ninja,0,2,9,facebook,1
7.82,9.62,94.95,70.1,linkedin learning,0,2,6,youtube,0
7.69,7.4,92.83,92.2,linkedin learning,1,2,3.6,whatsapp,0
9.83,8.91,77.05,72.22,linkedin learning,1,2,1,youtube,1
9.98,9.28,78.86,98.68,edx,0,3,3.7,youtube,1
8.22,9.26,92.79,85.71,linkedin learning,1,4,2,linkedin,1
8.87,6.95,90.85,76.95,linkedin learning,1,0,4.5,facebook,0
6.62,6.59,93.49,75.06,linkedin learning,1,1,3.9,whatsapp,0
7.19,6.79,82.92,73.95,linkedin learning,1,5,2.7,whatsapp,0
9.87,8.41,77.66,70.08,coursera,0,3,6,youtube,1
8.32,9.04,75.13,78.67,edx,1,5,0.9,linkedin,1
8.17,8.62,82.71,87.09,linkedin learning,1,3,4.2,instagram,1
8.99,6.71,84,92.97,udemy,0,3,3.7,whatsapp,0
6.23,9.09,81.74,75.89,udemy,0,2,1.9,whatsapp,0
8.34,7.98,78.31,64.09,udemy,1,1,6.3,instagram,1
8.01,9.02,79.68,80.46,coding ninja,0,5,0.9,youtube,1
9.41,9.04,86.22,86.49,coursera,0,3,5.1,facebook,1
6.63,7.8,88.87,93.73,udemy,1,5,9.7,linkedin,0
9.84,9.7,85.2,74.97,coursera,1,3,6.8,facebook,1
6.32,8.26,75.66,85.89,udemy,1,1,6.5,instagram,0
6.74,8.54,83.85,84.36,coding ninja,0,4,7.1,youtube,0
8.38,8.5,77.33,71.94,edx,0,4,9.3,facebook,1
8.7,9.46,89.95,64.32,coursera,1,0,5.3,youtube,1
6.94,8.51,83.11,62.55,edx,0,1,6.5,instagram,1
6.48,6.6,84.63,99.53,coding ninja,0,1,0.8,linkedin,0
9.56,6.27,82.3,85.62,coursera,0,2,4.7,youtube,1
6.98,7.77,84.69,94.46,edx,1,3,0.8,whatsapp,1
8.38,7.21,77.12,70.45,coding ninja,1,4,8,facebook,0
8.48,7.1,97.53,88.44,linkedin learning,0,2,3,whatsapp,1
7.68,6.22,97.63,95.69,coursera,0,0,9.8,youtube,0
8.33,8.03,99.45,71.95,edx,0,4,6.8,linkedin,1
8.09,7.24,89.3,66,coding ninja,1,3,3,linkedin,0
9.74,7.81,79.24,90.62,linkedin learning,1,0,2.5,facebook,0
6.82,6.23,84.52,95.99,coursera,1,0,4.3,linkedin,0
8.86,9.33,78.47,92.22,linkedin learning,0,3,5.7,whatsapp,1
6.95,6.31,82.53,92.09,udemy,0,5,5.5,whatsapp,0
7.58,9.46,87.33,84,coursera,0,2,9.2,whatsapp,0
8.69,9.42,76.58,86.42,coding ninja,0,3,5.1,instagram,1
7.2,8.46,85.87,87.23,coding ninja,1,1,5.1,linkedin,0
7.26,8.03,85.53,88.85,coursera,1,4,4.1,linkedin,0
9.01,7.85,87.11,86.22,udemy,0,3,4.6,youtube,1
6.29,8.22,76.92,99.9,coursera,1,5,7.2,youtube,0
7.83,9.17,81.29,70.38,edx,0,4,8.1,youtube,0
9.99,9.58,81.16,76.74,coding ninja,0,1,3.6,instagram,1
9.98,7.8,90.63,75.53,linkedin learning,0,1,5.9,youtube,1
6.29,9.24,89.85,61.41,coding ninja,0,1,7.7,whatsapp,0
6.85,8.61,79.89,88.32,udemy,1,3,0.2,youtube,0
7.06,7.29,77.67,82.88,coursera,0,2,7.4,linkedin,0
9.73,7.9,82.62,67.6,coding ninja,0,4,4.6,instagram,1
9.52,6.6,98.72,89.06,edx,1,3,7.9,whatsapp,0
9.52,6.25,83.31,68.89,udemy,1,0,8.4,facebook,0
7.48,6.41,90.5,81.39,udemy,0,2,0.5,whatsapp,0
6.63,9.6,95.1,91.4,linkedin learning,0,4,4.2,linkedin,0
9.33,7.37,83.24,96.26,coding ninja,1,2,7,facebook,0
8.81,8.86,83.37,86.87,coursera,1,3,3.1,linkedin,1
8.45,8.02,95.39,80.29,udemy,0,4,7.2,youtube,1
9.95,6.69,96.49,93.82,edx,1,5,7.6,whatsapp,0
8.62,6.99,99.36,93.63,edx,0,3,4.5,youtube,0
6.03,7.75,78.4,95.06,coursera,0,1,8.1,instagram,0
9.27,7.76,83.02,67.25,edx,1,0,3.4,youtube,0
7.2,8.09,98.68,63.9,linkedin learning,0,0,9.2,linkedin,0
8.65,6.63,80.02,65.12,coursera,1,1,8.1,linkedin,1
9.76,7.49,82.85,70.35,edx,1,2,2.1,linkedin,1
6.54,7.13,99.11,92.33,linkedin learning,0,2,0.8,youtube,1
6.46,7.64,99.22,90.52,edx,0,5,9.8,youtube,1
6.43,7.35,82.29,67.32,coding ninja,1,5,2.6,facebook,0
8.21,8.39,92.37,87.19,coursera,0,3,6.7,instagram,1
7.09,9.16,87.28,73.43,edx,0,0,4.3,linkedin,0
8.42,8.59,89.4,63.57,edx,1,5,0.2,instagram,1
8.87,6.26,81.06,74.21,linkedin learning,0,5,3.9,instagram,0
6.81,6.38,84.4,89.77,coding ninja,1,2,0.1,linkedin,0
8.54,8.71,95.41,72.28,coding ninja,0,3,6.6,youtube,1
7.06,7.14,84.82,91.52,linkedin learning,0,1,4.6,whatsapp,0
7.95,8.89,77.85,73.25,coding ninja,0,3,4.1,linkedin,0
9.62,8.63,89.1,70.42,edx,1,5,6.6,whatsapp,1
9.38,9.63,89.81,71.76,edx,0,5,7.4,youtube,1
6.37,9.49,88.64,94.05,coding ninja,1,1,7.3,youtube,0
7.69,7.33,92.04,78.82,edx,1,0,3,linkedin,0
7.11,8.33,88.75,94.66,coding ninja,0,0,8.1,linkedin,0
6.01,6.57,98.83,83.34,linkedin learning,1,2,6.2,linkedin,0
9.08,7.4,86.54,97.77,coursera,1,3,6.9,whatsapp,0
8.55,9.87,92.71,62.85,linkedin learning,1,0,9.6,youtube,1
7.05,8.79,85.96,95.58,coursera,0,4,6.8,facebook,0
8.96,7.57,82.28,80.02,linkedin learning,1,5,8,linkedin,1
8.21,8.38,92.32,94.7,udemy,0,2,0.9,facebook,1
7.71,9.75,95.47,75.27,edx,1,4,1.4,whatsapp,0
6.04,7.24,94.89,71.93,linkedin learning,1,3,1.9,whatsapp,0
6.3,7.51,85.23,62.16,coursera,0,4,8.2,instagram,0
9.53,9.17,87.48,94.17,coding ninja,0,3,7,youtube,1
9.62,9.25,90.83,65.49,coding ninja,0,2,1.9,instagram,1
8.18,8.68,81.05,68.01,linkedin learning,0,5,0.3,facebook,1
9.34,9.32,91.47,76.37,linkedin learning,1,5,4.8,whatsapp,1
8.33,8.96,92.88,82.78,linkedin learning,1,3,1.5,linkedin,1
6.59,8.74,94.73,96.26,coding ninja,1,5,2.4,linkedin,0
6.51,8.11,76.85,78.3,udemy,1,0,8.4,youtube,0
7.23,8.58,99.77,72.66,linkedin learning,1,2,8.6,facebook,0
9.6,7.69,86.98,88.63,coding ninja,0,4,5.4,instagram,1
9.18,7.45,85.02,91.16,coding ninja,0,5,0.9,facebook,0
9.44,7.45,87.67,79.5,linkedin learning,1,4,7.7,facebook,1
9.6,6.72,98.01,85.24,coursera,1,0,1.5,youtube,1
6.84,6.86,92.29,67.07,coursera,0,2,4.2,instagram,0
7,9.79,88.59,85.38,edx,1,1,1.2,linkedin,1
6.41,7.95,94.77,60.19,coding ninja,1,4,9,linkedin,0
9.12,6.91,83.99,70.94,edx,0,0,7.4,whatsapp,0
9.54,6.55,97.39,90.45,edx,0,1,4.5,instagram,0
7.63,6.31,88.42,66.74,coursera,1,2,4.9,whatsapp,0
8.48,9.38,90.95,90.58,coursera,1,3,0.2,youtube,1
6.62,6.4,77.12,79.58,udemy,0,5,4.5,facebook,0
9.72,9.08,94.22,90.54,coding ninja,1,1,2.4,linkedin,1
9.46,9.34,91.44,63.52,udemy,0,2,2.9,facebook,1
9.9,9.53,83.88,84.58,linkedin learning,1,1,8.3,facebook,1
9.24,6.15,91.17,85.34,udemy,0,0,3.9,linkedin,0
9.53,7.35,76.11,76.14,linkedin learning,1,2,3.3,linkedin,0
6.1,9.07,99.59,98.61,edx,1,2,1,instagram,0
8.95,6.52,91.94,75.33,coding ninja,0,3,8.5,linkedin,0
7.33,7.51,84.99,61.51,udemy,0,5,4.3,whatsapp,0
9.72,6.65,93.82,67.98,coding ninja,0,2,4.2,linkedin,0
9.21,9.33,99.14,74.92,edx,0,0,5,facebook,0
9.46,9.08,85.76,60.56,edx,1,2,5.8,facebook,1
9.24,9.24,75.26,72.89,edx,0,2,7.3,instagram,1
7.07,6.66,81.47,93.33,edx,1,4,10,facebook,0
9.15,7.75,87.77,67.62,coursera,1,5,0.4,whatsapp,1
6.43,7.64,87.97,87.07,coursera,0,0,4,instagram,0
9.49,8.71,89.51,85.07,edx,1,4,5.1,linkedin,1
9.43,6.95,89.38,69.95,edx,1,1,7.2,linkedin,0
6.89,7.78,86.14,87.74,udemy,1,5,9.4,linkedin,0
9.27,7.14,84.78,73.77,coding ninja,1,1,9.1,facebook,0
7.84,8.99,94.31,65.16,udemy,0,0,8.7,facebook,0
7.22,7.8,89.71,75.34,edx,0,4,2.3,youtube,0
9.18,8.14,87.51,83.55,coursera,0,1,0.6,whatsapp,1
6.91,7.24,83.62,66.68,linkedin learning,1,4,0.2,linkedin,0
6.09,9.23,75.61,92.95,coursera,0,2,5.8,whatsapp,1
6.77,7.88,77.61,71.93,coursera,1,2,5.5,linkedin,1
7.31,9.34,85.4,71.63,coursera,1,5,2.7,instagram,1
9.46,7.47,99.04,89.11,linkedin learning,1,2,6.5,whatsapp,0
9.87,9.79,77.9,83.85,edx,0,2,8.9,whatsapp,1
7.12,9.94,98.52,73.51,edx,0,5,1.2,facebook,0
8.57,7.85,78.54,95.52,edx,0,5,6.2,youtube,1
7.6,7.13,82.8,99.82,coursera,1,5,6.5,facebook,1
9.92,7.53,86.38,73.71,coding ninja,1,2,4.5,whatsapp,1
8.14,8.11,80.17,96.06,coding ninja,1,0,4.4,instagram,0
9.76,9.87,87.07,74.37,udemy,0,4,1.6,facebook,1
6.46,9.27,86.9,67.54,coding ninja,1,4,7.3,youtube,0
9.88,9.21,85.95,97.92,coursera,1,2,4.7,linkedin,1
6.71,6.55,92.42,96.73,edx,0,1,4.4,whatsapp,0
9.85,7,82.97,76.14,coding ninja,1,0,5.1,facebook,0
7.06,8.56,82.51,69.14,linkedin learning,1,1,5.9,facebook,0
6.43,9.5,95.25,89.09,linkedin learning,0,4,6.8,instagram,0
7.74,8.22,77.88,65.25,edx,0,2,9.2,whatsapp,0
8.91,6.41,96.23,89.36,coding ninja,1,2,8.5,linkedin,0
7.25,9.38,91.2,83.59,coursera,0,3,7.2,instagram,0
8.42,9.4,91.93,66.76,coursera,0,3,4.7,whatsapp,1
8.05,7.14,79.11,74.66,coding ninja,0,2,8.8,whatsapp,0
7.54,9.05,99.6,86.02,udemy,0,1,7.2,facebook,0
8.31,7.09,81.1,61.49,udemy,1,0,3.9,youtube,0
7.02,9.62,79.36,95.06,linkedin learning,1,1,4.2,whatsapp,0
8.84,6.59,79,70.23,edx,0,1,9.4,linkedin,0
6.01,7.75,89,81.39,linkedin learning,1,4,6.5,facebook,0
9.7,9.79,98.96,61.94,edx,1,1,3.6,youtube,1
8.15,6.89,80.8,99.79,edx,0,1,4.7,facebook,0
8.88,7.8,85.13,86.48,edx,1,4,9.7,linkedin,1
8.97,7.4,79.61,86.14,edx,0,4,1.6,instagram,0
8.68,6.11,91.01,60.79,coursera,0,5,2.1,linkedin,0
7.46,6.21,85.8,87.59,coding ninja,0,4,6.9,facebook,0
6.28,8.01,75.73,76.67,edx,0,4,0.9,youtube,0
8.66,6.94,90.35,75.21,coding ninja,1,5,4.8,facebook,0
7.32,9.98,79.93,81.89,edx,1,4,1.7,facebook,0
7.26,7.5,89.81,78.98,coursera,1,5,1.6,linkedin,0
9.39,6.11,84.72,66.13,coursera,0,0,4.9,whatsapp,0
8.88,9.72,92.62,87.81,coding ninja,0,3,7.9,whatsapp,1
7.2,9.36,80.14,85.21,coding ninja,0,3,9.4,instagram,0
7.24,8.6,93.81,72.04,linkedin learning,1,0,4.9,whatsapp,0
7.63,9.17,95.22,86.47,linkedin learning,0,0,2.3,whatsapp,0
7.61,6.55,76.56,86.5,udemy,0,1,5.6,facebook,0
7.18,7.15,77.54,70.8,linkedin learning,0,0,10,facebook,0
6.51,9.32,96.8,84.23,linkedin learning,0,3,3.6,linkedin,0
7.68,8.78,79.67,65.49,edx,1,2,2.6,facebook,0
9.76,6.56,83.15,93.23,udemy,1,2,6.8,facebook,0
8.71,8.82,86.44,64.2,linkedin learning,0,5,1.7,instagram,1
9.61,7.79,81.56,88.75,linkedin learning,1,2,8.6,whatsapp,1
8.46,6.02,96.57,64.71,coding ninja,0,1,5,facebook,0
7.2,6.32,88.19,64.56,udemy,0,3,8.1,whatsapp,1
8.19,7.02,90.98,64.25,udemy,0,4,3.4,facebook,0
6,9.34,89.92,67.95,udemy,1,4,1.1,whatsapp,1
7.15,8.2,90.28,67.99,coding ninja,0,2,2.3,whatsapp,0
7.72,8.91,89.68,70.52,coursera,0,1,5.6,facebook,1
8.32,8.11,83.7,80.93,udemy,1,5,4.9,linkedin,1
8.62,6.44,96.14,68.07,udemy,1,2,9.9,youtube,1
7.86,7.15,90.43,88.14,coding ninja,0,0,7.8,facebook,0
7.77,7.2,95.34,71.81,coursera,1,5,7.7,instagram,0
6.85,6.19,92.65,61.58,udemy,0,0,7.7,instagram,1
7.89,7.68,82.44,79.85,udemy,1,1,5.6,youtube,0
9.6,9.18,90.36,68.31,edx,0,1,9,whatsapp,1
9.18,7.83,77.12,97.32,coursera,0,5,8.5,youtube,1
6.68,6.44,78.35,73.22,linkedin learning,0,1,8.7,whatsapp,0
6.34,9.62,77.95,60.11,udemy,0,5,6,youtube,0
8.06,8.39,82.63,86.87,coding ninja,1,1,1,linkedin,1
8.53,6.07,79.58,96.28,edx,1,2,0.5,linkedin,0
7.34,8.06,92.34,93.41,linkedin learning,1,1,9.5,facebook,0
9.27,6.97,87.77,86.76,linkedin learning,0,1,8,whatsapp,0
9,6.57,85.46,65.97,edx,0,1,9.6,whatsapp,1
8.69,7.72,78.45,63.6,coding ninja,1,0,7.6,facebook,0
6.9,8.46,84.59,80.47,linkedin learning,0,3,9.7,instagram,0
6.8,6.96,79.64,88.94,linkedin learning,1,5,7.8,instagram,0
6.1,7.67,90.89,64.05,coursera,0,0,6.1,whatsapp,0
6.98,8.66,92.34,70.24,linkedin learning,0,0,8.6,facebook,0
7.9,6.34,91.13,69.25,udemy,0,0,1,linkedin,0
9.4,9.9,100,99.55,udemy,1,3,5.6,instagram,1
6.29,6.27,88.87,71.84,edx,1,3,5.1,facebook,0
7.66,8.1,87.24,78.57,edx,1,0,1.7,linkedin,0
8.52,8.03,78.51,63.99,coding ninja,0,1,1.2,whatsapp,1
6.78,9.95,82.86,66.99,coding ninja,1,0,2.1,linkedin,0
8.79,8.22,86.28,61.58,coursera,0,0,3.6,whatsapp,0
7.98,7.56,76.34,71.62,edx,0,5,7.3,facebook,0
6.98,7.88,83.98,92.06,coursera,1,4,7.1,instagram,1
8.62,8.54,75.24,72.51,coding ninja,0,4,7.6,youtube,1
6.02,9.92,78.41,89.54,linkedin learning,1,0,5,instagram,1
9,7.01,95.38,63.8,coursera,0,3,8.7,facebook,0
9.08,6.06,99.1,90.33,linkedin learning,0,0,1.5,facebook,0
6.43,9.15,87.64,61.84,coursera,1,2,3.6,whatsapp,1
7.7,7.38,87.37,94.08,coursera,1,0,8.2,linkedin,0
6.7,8.93,92.12,86.53,coding ninja,0,0,1.2,instagram,1
9.83,8.51,85.39,66.82,coursera,0,2,2,youtube,1
8.07,9.09,96,74.3,coding ninja,0,5,9.7,linkedin,1
6.2,8.94,87.22,77.51,coursera,1,0,7.7,facebook,0
7,7.33,77.07,84.87,coursera,1,0,0.1,youtube,0
9.39,6.18,75.77,95.14,edx,1,0,8.3,youtube,0
7.83,8.18,94.03,63.72,edx,1,4,4.7,whatsapp,0
9.21,9.25,82.3,92.6,coding ninja,1,1,2.9,instagram,1
8.67,6.7,81.87,67.31,coursera,1,4,1.7,facebook,0
9.95,9.12,88.44,76.03,linkedin learning,1,1,2.7,youtube,1
8.38,7.86,79.21,98.49,udemy,0,1,7.2,instagram,1
9.8,8.78,86.43,70.87,coding ninja,0,5,4.2,linkedin,1
9.57,8.53,93.56,75.43,edx,0,2,6.3,whatsapp,1
8.45,9.25,94.15,94.03,edx,0,0,2.5,instagram,0
8.88,6.25,88.74,92,coding ninja,1,0,7.5,whatsapp,0
8.02,9.1,77.83,85.95,edx,1,1,5.3,instagram,1
9.32,7.83,77.86,91.88,linkedin learning,0,5,7.9,linkedin,1
8.19,7.17,94.38,64.52,edx,0,2,1.4,facebook,0
9.59,6.18,95.58,87.85,udemy,0,4,4.3,instagram,0
8.97,6.8,84.17,62.35,udemy,0,2,9.2,facebook,0
7.9,6.17,95.57,97.7,coursera,0,2,9,youtube,0
7.04,9.73,76.04,66.38,linkedin learning,1,1,9.5,youtube,0
6.99,8.06,92.97,76.64,edx,1,4,5.2,linkedin,0
8.55,9.96,88.66,83.63,edx,0,5,6.8,linkedin,1
9.06,8.17,99.74,92.09,coding ninja,1,4,9.4,youtube,1
8.09,7.01,77.56,87.14,coursera,0,1,4.4,whatsapp,1
8.51,9.01,95.75,67.25,udemy,1,4,7.7,youtube,1
7.1,6.76,93.78,75.19,coding ninja,0,4,7.2,youtube,0
6.31,7.43,82.44,74.34,coding ninja,1,0,5.2,facebook,0
7.14,9.12,99.98,61.15,edx,1,0,0.7,whatsapp,0
7.09,9.46,86.24,87.38,udemy,0,4,3.4,facebook,0
7.28,7.33,83.71,93.54,coding ninja,1,0,4,youtube,0
8.16,6.5,95.42,98.94,edx,0,4,7.7,facebook,0
6.55,7.47,85.98,65.23,coursera,1,1,4.3,instagram,0
6.93,9.56,99.85,96.82,linkedin learning,1,5,3.9,whatsapp,0
8.78,8.97,94.39,64.52,udemy,0,1,0.4,linkedin,1
8.83,9.58,80.92,76.45,coursera,0,2,9.2,whatsapp,1
6.26,7.55,95.27,61.84,edx,0,1,1.5,youtube,0
7.63,9.89,89.7,70.46,linkedin learning,0,4,5.7,facebook,0
8.17,7.98,83.77,72.57,coding ninja,0,0,9.8,facebook,1
7.66,7.99,92.77,88.18,coursera,0,5,9.8,whatsapp,0
6.83,9.7,90.82,87.12,coding ninja,0,0,8,instagram,1
7.68,8.08,79.15,90.7,coding ninja,1,1,8.8,linkedin,0
9.62,9.2,78.48,83.07,linkedin learning,1,4,9.7,instagram,1
8.34,8.91,80.17,82.6,linkedin learning,0,5,4.2,whatsapp,1
8.78,6.32,80.17,99.12,coding ninja,1,3,8.9,whatsapp,0
9.43,8.41,76.48,86.79,coding ninja,1,2,7,linkedin,1
9.06,9.29,83.77,73.53,linkedin learning,0,5,8.7,whatsapp,1
7.52,8.18,82.03,80.92,edx,0,4,7.2,facebook,0
6.02,7.28,88.47,88.02,udemy,0,1,3.1,whatsapp,0
7.41,6.32,83.09,63.81,coding ninja,1,3,3.4,youtube,0
9.01,8.64,92.6,86.47,linkedin learning,0,5,8.3,linkedin,1
9.41,7.23,82.23,69.94,coursera,1,0,9,instagram,0
9.81,8.41,81.68,73.83,coursera,1,1,6.1,whatsapp,1
7.68,7.7,96.45,87.05,edx,1,2,1.5,instagram,0
8.99,8.76,99.64,75.4,edx,1,3,4,instagram,1
8.18,7.41,91.98,93.56,coursera,1,3,6.4,facebook,0
8.41,6.17,77.38,82.33,edx,1,1,8.9,youtube,1
6.88,9.48,99.07,99.51,coding ninja,0,4,6.2,linkedin,1
6.88,7.41,94.64,62.18,linkedin learning,0,1,6.2,instagram,0
7.74,9.99,97.97,85.74,udemy,1,3,4.4,facebook,1
6.12,7.1,99.81,66.28,linkedin learning,1,0,3.5,whatsapp,0
7.34,9.92,96.68,93.95,linkedin learning,1,2,8.1,instagram,1
8.72,9.79,78.17,94.07,edx,0,0,6.5,instagram,0
7.62,6.3,96.65,94.78,udemy,0,3,7.8,whatsapp,1
6.66,8.55,81.24,62.99,coding ninja,0,0,8.8,whatsapp,0
7.87,7.45,92.78,79.67,coursera,1,4,0.8,youtube,0
6.51,9.2,95.71,69.64,coding ninja,0,1,5.4,facebook,1
8.49,8.72,94.04,98.81,edx,0,3,3.9,whatsapp,1
6.11,9.81,91.91,62.01,coursera,0,2,7.2,whatsapp,0
7.58,6.57,87.24,68.91,coding ninja,0,5,8.8,youtube,0
8.26,8.43,89.44,85.73,linkedin learning,0,2,5.2,linkedin,1
6.11,9.13,81.72,76.13,edx,1,4,5.4,youtube,0
8.57,6.14,85.36,69.4,udemy,1,5,2.1,instagram,0
6.54,6.27,86.3,78.36,linkedin learning,0,0,5.1,whatsapp,0
7.85,9.11,90.84,92.05,udemy,1,0,3.1,linkedin,0
6.2,7.47,97,77.92,coursera,0,2,3.4,facebook,0
7.52,7.53,77.33,94.26,udemy,1,3,6.4,facebook,0
6.85,8.27,87.89,77.88,linkedin learning,0,0,0.2,linkedin,0
7.31,8.42,81.96,64.75,udemy,0,3,8.9,facebook,0
9.04,8.72,98.41,79.89,edx,0,2,5.4,whatsapp,1
7.52,9.8,84.23,86.13,edx,1,3,2.6,facebook,0
9.01,7.49,98.76,64.11,linkedin learning,1,4,8.3,whatsapp,0
9.33,9.05,83.18,76.49,coding ninja,0,5,3,whatsapp,1
7.01,8.3,75.06,82.29,udemy,0,2,4.2,whatsapp,0
6.33,8.12,94.35,60.01,linkedin learning,1,5,5.1,facebook,0
6.08,7.59,93.32,63.64,udemy,0,3,7.3,whatsapp,0
8.16,8.6,93.27,84.17,linkedin learning,1,1,8.4,youtube,1
10,7,86.46,84.76,udemy,1,4,2.6,youtube,0
7.4,6.45,91.6,72.18,coding ninja,0,3,5.1,whatsapp,0
8.6,8.94,83.96,80.33,linkedin learning,0,2,1.2,whatsapp,1
9.12,8,76.58,68.27,edx,1,3,7.6,youtube,1
8.61,7.55,88.36,86.86,coding ninja,1,1,9.4,facebook,1
9.02,8.25,80.45,98.01,edx,1,0,4.5,linkedin,1
9.8,7.05,85.74,74.53,coding ninja,0,3,5.7,linkedin,1
6.8,7.04,80.3,62.17,edx,1,5,0.1,instagram,0
6.08,7.79,81.71,68.92,coding ninja,0,2,3.4,whatsapp,1
6.61,9.99,95.71,78.18,udemy,1,1,2.4,whatsapp,0
6.5,7.14,83.44,82.41,edx,0,0,7.5,whatsapp,1
8.68,9.67,89.45,84.79,udemy,1,5,5.8,linkedin,1
8.26,7.96,89.15,78.93,linkedin learning,0,3,7.1,whatsapp,1
6.87,6.49,87.13,86.29,udemy,0,5,9.4,youtube,0
8.8,9.41,83.59,88.64,edx,0,0,6.7,whatsapp,0
9.07,7.81,92.06,64.56,coding ninja,0,3,8.4,instagram,1
6.67,9.59,76.21,90.37,udemy,0,3,2.3,instagram,0
8.43,7.78,77.49,68.87,coursera,0,4,3,youtube,1
8.99,6.35,94.6,73.65,coding ninja,0,5,6.7,linkedin,0
6.46,8.73,86.49,93.2,linkedin learning,0,5,8.2,whatsapp,1
9.28,9.38,78.11,98.58,linkedin learning,1,0,5.7,instagram,1
9.86,7.28,96.44,71.68,edx,1,0,1.4,linkedin,1
6.43,7.39,86.03,80.88,coding ninja,0,1,3.8,facebook,1
6.1,6.26,75.02,88.08,udemy,0,3,7.4,instagram,1
7.25,8.17,98.95,61.83,udemy,1,3,1.1,linkedin,0
8.71,9.57,80.06,66.57,linkedin learning,0,5,5.2,linkedin,1
9.83,9.41,92.21,65.62,coding ninja,1,4,1.9,whatsapp,1
7.59,8.85,78.3,88.67,coding ninja,1,0,7.8,linkedin,0
8.86,9.71,91.25,88.86,linkedin learning,0,5,4.5,linkedin,1
6.3,8.55,78.97,64.28,udemy,1,1,1.5,linkedin,0
8.76,9.17,98.32,84.43,linkedin learning,0,0,4.3,youtube,0
8.51,8.04,81.85,67.5,coding ninja,0,2,4.1,youtube,1
6.41,6.49,91.36,97.21,udemy,1,1,0.9,linkedin,0
9.09,6.8,81.26,75.72,coursera,1,2,4.2,whatsapp,0
9.4,6.56,84.3,78.28,linkedin learning,1,1,1.3,linkedin,0
8.4,9.16,97.6,91.26,coding ninja,0,4,2.1,facebook,1
6.48,6.11,79.14,88.67,coding ninja,0,3,0.8,linkedin,0
9.94,8.22,84.91,64.31,edx,1,0,6.8,linkedin,0
9.13,7.48,82.64,76.58,edx,0,1,4,facebook,0
7.39,9.21,92.49,97.07,linkedin learning,0,3,5.6,instagram,0
7.71,8.21,80.85,93.5,udemy,0,5,7.8,youtube,0
7.48,8.45,91.39,83.55,coursera,1,3,8.7,youtube,0
8.02,6.34,92.59,90.89,coursera,1,2,5.8,whatsapp,1
7.36,7.24,75.03,78.02,udemy,1,5,6.4,youtube,0
9.4,10,86.92,86.34,edx,1,4,10,whatsapp,1
9.29,8.88,78.32,98.25,coding ninja,0,4,6.9,instagram,1
6.42,8.1,80.65,65.39,edx,0,2,9.5,linkedin,0
9.84,9.08,92,79.95,linkedin learning,1,5,7.3,linkedin,1
8.54,9.29,75.23,81.21,edx,0,3,4.2,instagram,1
9.31,6.3,92.39,61.94,udemy,1,2,1.6,linkedin,0
8.83,9.89,95.43,97.41,linkedin learning,0,3,5.1,instagram,1
7.74,8.57,99.7,93.55,udemy,1,5,4.8,linkedin,1
8.94,7.8,85.56,79.32,linkedin learning,1,4,4.6,youtube,1
9.86,8.72,78.3,80.33,coding ninja,0,3,9.7,youtube,1
7.08,7.38,76.77,96.85,edx,1,3,5.1,linkedin,0
9.23,9.51,84.58,67.09,udemy,1,4,5.3,facebook,1
8.15,9.12,93.27,83.14,linkedin learning,1,2,6.9,instagram,1
7.93,8.56,77.56,89.22,edx,0,1,4.6,whatsapp,0
7.74,6.73,82.83,65.14,coursera,0,3,0.3,linkedin,0
8.92,9.87,97.02,75.5,udemy,0,0,1.6,whatsapp,0
7.07,7.73,78.43,84.02,coding ninja,1,0,5.6,whatsapp,0
9.41,9.64,94.34,95.31,linkedin learning,0,2,9.2,whatsapp,1
9.32,6.22,93.83,80.16,udemy,1,3,1.2,facebook,0
6.35,6.5,78.33,75.39,udemy,1,3,8.5,facebook,0
9.53,6.61,99.82,99.18,coursera,0,1,1.1,youtube,0
6.98,6.66,78.57,96.64,coding ninja,1,5,3.7,instagram,0
7.86,7.29,88.26,90.49,coursera,0,1,2.9,linkedin,1
8.44,8.84,75.21,70.94,linkedin learning,1,0,5.2,linkedin,1
7.52,7.38,91.25,98.54,edx,1,0,1.2,linkedin,0
6.11,9.76,86,98.82,udemy,1,5,3,linkedin,1
9.4,9.58,93.06,78.11,linkedin learning,0,0,3.7,instagram,0
6.73,9.38,90.7,65.33,linkedin learning,0,0,2.9,linkedin,1
6.85,7,78.78,76.51,coding ninja,0,3,0.3,linkedin,0
9.19,8.54,85.29,88,udemy,0,5,1.4,instagram,1
7.36,8.2,92.16,89.94,coursera,0,0,7.8,youtube,0
9.52,6.5,96.5,71.96,edx,1,1,4.2,facebook,0
8.8,7.21,77.17,88.06,udemy,0,3,9.4,linkedin,0
7.11,8.13,77.51,94.43,udemy,0,4,3.1,facebook,0
6.04,8.01,93.81,88.47,edx,0,5,2.8,facebook,0
9.79,6.67,89.74,97.42,linkedin learning,0,2,1.8,linkedin,0
6.34,9.77,84.6,85.3,coursera,1,1,7.4,youtube,0
8.88,6.62,99.08,68.04,udemy,0,2,0,whatsapp,0
7.95,8.63,82.86,84.97,linkedin learning,1,4,5.5,whatsapp,0
9.03,8.88,78.5,71.62,coding ninja,0,4,0.7,linkedin,1
8.76,8.42,81.92,73.81,linkedin learning,0,0,0.4,instagram,0
8.58,9.37,77.11,86.89,edx,0,0,4.8,instagram,0
7.96,8.25,88.83,99.25,coursera,0,5,3.1,youtube,0
9.17,9.3,90,86,edx,1,4,4.5,linkedin,1
6.37,6.11,90.19,98.33,coding ninja,1,3,3.4,instagram,0
6.89,6.18,94.47,80.16,linkedin learning,0,3,3.8,facebook,0
8.77,8.57,92.26,87.77,udemy,0,1,8.3,linkedin,1
7.22,8.31,96.2,72.9,coding ninja,0,2,8.3,linkedin,0
8.33,8.6,91.46,64.62,edx,0,5,1.3,whatsapp,1
7.89,9.07,82.54,74.09,linkedin learning,0,3,1.4,whatsapp,0
8.12,7.67,87.94,79.21,edx,0,3,6.4,linkedin,1
7.7,8.56,87.74,82.83,udemy,1,4,7.6,facebook,0
8.98,7.99,93.7,86.69,coding ninja,0,2,6.7,instagram,1
7.32,8.51,82.39,76.7,coding ninja,0,4,1.5,facebook,0
8.81,7.16,76.36,89.91,coursera,0,2,7.3,whatsapp,0
7.08,9.83,97.45,93.66,edx,1,4,0.9,instagram,0
7.01,7.93,98.87,71.44,coursera,1,4,6.2,youtube,1
6.48,9.22,87.37,93.89,coding ninja,0,0,6.2,linkedin,1
6.77,8.74,77.82,92.33,linkedin learning,1,0,3.9,whatsapp,0
6.48,7.19,87.49,80.91,coursera,0,3,9,instagram,1
8.14,6.29,89.85,61.01,linkedin learning,1,0,3.4,whatsapp,0
9.05,6.24,88.21,65.81,coursera,1,3,0.5,youtube,0
6.74,7.76,99.44,86.81,edx,1,3,6.7,youtube,0
6.87,7.94,99.67,68,edx,1,2,4.4,whatsapp,0
7.94,6.82,98.35,90.01,coding ninja,0,3,2.8,facebook,0
8.9,8.43,78.3,66.44,edx,1,3,0.9,facebook,1
9.91,7.25,96.52,71.46,coursera,1,3,1.7,facebook,0
8.1,8.87,89.21,70.02,coursera,0,0,0.2,linkedin,0
7.13,8.94,84.14,93.58,linkedin learning,0,0,6.3,linkedin,0
6.4,9.44,92.07,87.62,udemy,1,1,7.7,youtube,0
6.78,9.9,94.07,71.81,coursera,0,4,3.1,facebook,0
6.91,6.52,98.86,90.14,linkedin learning,0,5,6.5,youtube,0
6.72,7.48,94.26,61.29,coding ninja,1,2,6.4,whatsapp,0
6.06,8.25,75.42,92.56,edx,1,5,0.9,linkedin,0
8.14,7.28,76.69,64.1,edx,1,1,9.6,whatsapp,0
7.1,7.87,81.55,94.72,coursera,1,3,5.4,linkedin,0
9.9,7.07,76,89.58,edx,1,3,7.6,instagram,1
8.21,6.99,76.51,94.59,coding ninja,1,1,9.6,instagram,0
8.79,6.39,94.73,89.7,udemy,1,2,5.2,youtube,1
6.51,7.16,87.67,82.45,coursera,1,5,7.5,youtube,0
9.47,7.54,90.71,69.5,coding ninja,1,3,5,linkedin,1
7.96,8.46,87.53,91.37,linkedin learning,1,3,0.2,youtube,0
9.49,6.99,85.39,91.95,udemy,0,0,6.6,instagram,0
8.3,9.46,92.55,71.51,coursera,1,4,5.3,linkedin,1
7.88,6.64,77.06,86.58,edx,1,5,9.6,facebook,0
7.76,7.31,88.41,97.06,coursera,1,3,2.7,facebook,1
6.74,8.31,90.4,75.5,linkedin learning,0,5,2.1,youtube,0
6.21,7.25,81.94,98.27,edx,0,4,8.3,instagram,1
9.76,9.05,82.75,99.03,udemy,0,5,8.4,whatsapp,1
7.91,7.99,87.78,72.51,coursera,1,4,5.8,instagram,0
9.29,8.06,80.08,82.08,coding ninja,0,4,0.8,whatsapp,1
7.6,8,95.2,60.52,linkedin learning,0,3,5.3,linkedin,0
6.3,7.23,88.41,70.05,coursera,0,3,3.2,instagram,0
8.52,6.09,84.77,84.82,coding ninja,0,4,5.9,facebook,0
6.21,9.78,90.86,91.24,coursera,0,1,4.9,whatsapp,1
6.6,8.02,95.86,94.8,linkedin learning,1,4,9.3,linkedin,0
8.25,9.87,92.03,93.2,coursera,1,0,3.4,facebook,1
7.22,6.86,76.65,96.46,edx,0,3,1.8,facebook,0
9.98,7.41,92.47,88.19,edx,1,2,0.2,facebook,1
6.47,6.2,93.25,85.91,coding ninja,0,3,5.3,linkedin,1
9.06,7.98,96.16,90.2,edx,0,4,3.8,youtube,1
8.43,9.53,76.45,81.86,udemy,0,3,0.9,linkedin,1
9.16,8.62,77.16,84.14,udemy,1,4,9.8,instagram,1
6.9,7.88,85.86,91.05,coursera,0,5,5.4,linkedin,0
8.09,8.15,86.33,98.57,udemy,0,2,2.9,whatsapp,1
7.8,9.39,90.22,71.77,udemy,1,2,1.8,whatsapp,0
7.77,7.72,82.73,67.1,linkedin learning,0,2,7.7,instagram,0
9.44,9.53,93.54,87.31,linkedin learning,1,0,1.5,whatsapp,0
9.96,8.91,93.52,67.48,udemy,0,0,9.5,whatsapp,0
7.22,9.06,77.99,66.95,linkedin learning,1,4,6.8,whatsapp,0
8.48,7.46,92.7,80.55,udemy,0,0,0.6,linkedin,0
8.44,7.6,92.54,75.09,coding ninja,1,1,9.6,whatsapp,1
8.96,8.28,79.1,77.14,linkedin learning,0,2,1.8,youtube,1
9.79,6.78,98.83,82.26,udemy,1,2,7.1,facebook,0
6.83,8.21,88.08,65.2,udemy,1,5,3,linkedin,0
6.84,6.29,94.57,83.36,coursera,0,4,1,youtube,0
8.64,8.02,93.02,70.2,coding ninja,1,0,1.4,whatsapp,0
6.63,9.06,79.17,73.22,coding ninja,1,5,8.9,whatsapp,0
6.7,7.12,78.17,88.39,coursera,0,2,2.6,whatsapp,0
6.3,9.96,94.53,66.19,coursera,0,3,9.4,facebook,0
6.01,8.72,81.72,66.15,coursera,1,0,9,whatsapp,0
7.8,6.48,97.16,72.91,edx,1,3,0.5,whatsapp,0
8.38,9.9,94.29,62.03,udemy,1,2,2.4,instagram,1
7.17,7.58,75.73,97.3,edx,1,2,6,linkedin,1
6.93,9.18,95.18,84.62,linkedin learning,0,3,2.4,linkedin,1
8.83,7.36,81.8,86.48,coursera,0,2,5.1,youtube,1
8.81,9.76,76.6,79.62,udemy,1,0,5,facebook,0
7.82,9.02,92.81,82.91,udemy,0,5,9.5,whatsapp,1
8.75,6.8,89.42,74.32,linkedin learning,1,1,2.7,facebook,0
9.7,8.04,76.93,91.36,coding ninja,1,1,3.2,instagram,1
9.15,8,86.38,72.71,udemy,1,1,5.5,facebook,1
8.5,6.18,84,68.8,coding ninja,0,5,0.7,linkedin,0
8.64,6.55,87.49,67.35,udemy,0,2,0.3,facebook,0
9.73,7.33,89.17,62.73,edx,1,4,6.3,instagram,0
7.7,7.89,84.19,80.21,coursera,0,0,9.1,facebook,0
8.18,7.83,81.38,76.64,coding ninja,0,5,0.2,instagram,1
8.59,8.43,77.57,81.48,edx,1,0,5.5,facebook,0
9.63,8.06,89.35,63.68,udemy,0,2,5.9,youtube,1
9.31,7.31,93.07,68.85,coursera,0,0,1,whatsapp,0
6.29,8.45,80.71,68.53,edx,0,2,7.6,linkedin,0
6.66,6.65,87.72,73.28,coursera,0,1,6.5,linkedin,0
7.23,9.96,76.1,74.43,udemy,1,0,1.3,facebook,0
9,8.96,96.57,68.74,udemy,1,4,5.7,facebook,1
8.28,7.2,81.11,90.11,edx,1,2,4.5,facebook,0
7.15,7.35,86.79,81.22,udemy,0,0,8.5,instagram,0
6.5,9.31,84.57,99.87,linkedin learning,0,3,5,facebook,0
8.75,8.13,78.75,92.95,coursera,1,5,7.8,youtube,1
8.8,8.83,98.28,99.25,udemy,0,3,1.4,facebook,1
9.77,7.2,96.44,60.35,udemy,0,4,5.4,facebook,0
8,9.26,88.82,86.76,linkedin learning,0,4,1.7,whatsapp,0
7.98,7.47,97.85,77.83,coursera,0,3,2.5,youtube,0
6.32,8.7,93.52,96.18,coding ninja,1,2,9.5,facebook,1
6.16,9.92,85.48,84.55,linkedin learning,1,0,9.6,linkedin,1
7.73,8.33,83.05,84.85,linkedin learning,0,5,5.6,youtube,1
7.29,9.19,85.41,98.36,coursera,0,3,0.4,youtube,1
7,8.9,93.01,87.3,linkedin learning,1,4,8.1,instagram,1
6.37,8.75,81.78,72.84,coursera,0,0,9.6,linkedin,1
9.85,6.11,76.95,96.64,linkedin learning,0,2,6.2,linkedin,0
9.34,7.9,84.32,97.8,coursera,1,3,6.5,instagram,1
8.3,9.87,87.55,75.44,coursera,1,4,1.7,youtube,1
9.8,9.13,97.55,81.61,coding ninja,1,3,0.6,linkedin,1
10,9.1,79.48,71.31,udemy,0,2,9.2,instagram,1
8.69,8.31,95.11,96.45,coursera,1,4,2.7,instagram,1
7.08,8.89,99.54,92.88,edx,0,0,2.5,instagram,0
6.16,8.33,98.85,75,coding ninja,0,3,6.8,instagram,0
9.03,6.68,76.72,92.11,coding ninja,1,0,10,whatsapp,0
7.88,8.52,86.63,77.82,udemy,0,5,8.4,instagram,0
8.61,8.48,82.06,61.75,linkedin learning,0,5,2.1,linkedin,1
9.66,9.36,96.12,95.93,linkedin learning,1,1,8.4,linkedin,1
6.73,6.59,83.18,67.7,coursera,0,2,2.8,youtube,0
8.34,8.72,88.83,80.56,coding ninja,1,3,1.6,facebook,1
8.54,6.13,75.2,97.93,coursera,1,4,5.3,instagram,0
7.97,9.79,80.02,66.7,edx,1,5,0.7,instagram,1
6.36,6.44,89.1,98.25,linkedin learning,1,2,0.9,facebook,0
7.39,6.08,82.6,81.52,coursera,1,1,7,facebook,1
7.33,7.25,90.57,60.29,coursera,1,4,8.3,linkedin,0
8.68,6.61,86.6,62.62,coding ninja,0,2,7.3,linkedin,0
9.43,8.76,89.79,86.81,edx,0,2,10,whatsapp,1
7.32,7.64,87.33,90.94,edx,1,3,8.8,facebook,0
8.77,9.1,94.32,94.6,coursera,0,1,2.1,youtube,1
7.15,9.68,79.89,76.97,edx,0,3,5,facebook,1
9.78,9.49,97.51,64.16,edx,0,5,8,youtube,1
9.25,8.94,94.01,81.51,coding ninja,1,0,8.8,instagram,0
8.2,6.25,81.13,88.11,coding ninja,1,4,9.5,whatsapp,0
7.82,6.55,75.16,99.05,edx,0,1,6.4,instagram,0
7.26,6.83,85.25,91.01,coursera,1,2,9.8,linkedin,0
7.29,7.3,80.82,85.86,linkedin learning,0,2,7.1,youtube,0
9.88,8.65,83.66,97.59,coursera,1,0,2.7,linkedin,0
7.62,8.1,95.99,89.88,coursera,0,2,6.6,youtube,0
8.06,7.26,96.93,66.15,linkedin learning,1,4,3.2,linkedin,0
9.95,6.69,98.77,78.37,coding ninja,1,3,2.1,whatsapp,0
8.63,9.65,75.04,73.27,coursera,0,1,9.6,facebook,1
8.17,7.37,91.43,63.5,edx,1,4,3.3,instagram,0
7.65,7.42,96.23,62.17,edx,1,5,9.1,facebook,0
6.75,9.09,93.18,91.77,coding ninja,1,0,1.3,instagram,0
7.45,8.88,77.6,82.32,coding ninja,1,5,9.2,facebook,0
9.03,8.57,88.25,83,coding ninja,1,4,6.1,instagram,1
8.5,8.77,80.95,69.11,udemy,0,0,0,linkedin,0
9.04,8.44,87.3,70.35,udemy,1,4,0.1,whatsapp,1
6.81,6.77,76.5,75.52,edx,0,2,1.7,youtube,0
8.2,6.99,99.92,85.21,coursera,1,2,5.6,linkedin,0
9.71,8.23,92.79,77.32,udemy,1,0,7,linkedin,0
7.75,6.9,77.33,60.68,coursera,1,4,4.9,youtube,0
8.79,9.89,98.03,86.93,linkedin learning,1,4,3.9,facebook,1
6.49,7.19,97.43,81.39,edx,1,3,0.8,instagram,0
9.89,7.16,87.99,85.66,udemy,1,3,8.8,linkedin,1
8.44,6.83,92.52,84.73,edx,0,1,6.5,linkedin,1
6.96,8.82,84.31,90.24,linkedin learning,1,2,5.4,facebook,1
6.63,7.27,99.36,83.42,linkedin learning,0,0,8.9,linkedin,0
8.2,7.4,77.12,88.04,edx,1,5,8.2,instagram,0
8.21,9.73,77.39,62.9,udemy,1,2,4.5,youtube,1
6.37,9.18,78.34,97.12,edx,1,4,1.2,whatsapp,1
9.97,7.09,95.5,64.25,coursera,1,2,9.7,whatsapp,1
9.65,6.49,76.87,91.48,coursera,0,3,3.8,youtube,0
7.85,8.71,89.2,72.05,coursera,1,5,6,youtube,0
6.47,7.52,85.87,63.46,coursera,1,4,3.9,youtube,0
9.33,9.92,99.11,90.61,coursera,1,2,8.4,facebook,1
7.99,9.27,80.92,77.51,linkedin learning,0,1,8.1,whatsapp,0
8.87,9.82,81.52,75.8,udemy,0,3,9.8,linkedin,1
8.04,9.22,82.88,86.43,udemy,0,3,1.2,facebook,1
7.09,7.16,95.02,78.96,coding ninja,0,2,3.7,instagram,0
9.34,7.15,92.52,81.34,edx,1,4,1.9,youtube,0
9.92,8.86,93.38,65.46,linkedin learning,1,4,0.1,linkedin,1
6.97,7.39,82.95,75.64,linkedin learning,0,3,7.4,whatsapp,0
8.21,7.77,81.8,91.9,edx,1,5,7.6,linkedin,1
7.53,7.03,76.87,81.83,edx,1,4,6.8,facebook,0
9.69,7.92,80.07,98.41,coursera,1,1,7.1,linkedin,1
8.03,6.81,94.5,65.76,linkedin learning,0,0,1.9,youtube,0
9.52,8.15,89.62,87.09,linkedin learning,1,5,8.2,whatsapp,1
9.46,9.73,78.89,96.57,edx,1,5,6.3,whatsapp,1
7.1,8.78,79.11,91.8,edx,0,4,8.1,whatsapp,0
9.16,6.55,86.65,89.17,udemy,1,1,2.2,whatsapp,1
7.66,8.46,85.16,74.93,coursera,0,4,9.8,facebook,0
9.74,8.35,88.4,97.98,coding ninja,1,3,9.7,facebook,1
8.03,6.97,99.12,82.14,coursera,0,1,0.4,linkedin,0
9.28,8.68,80.19,82.2,linkedin learning,1,5,4.9,facebook,1
7.13,8.12,82.71,64.93,udemy,0,5,7,whatsapp,0
7.19,8.55,81.63,60.2,edx,1,3,6.1,instagram,0
8.35,6.21,78,83.87,coding ninja,1,2,0.1,linkedin,0
10,7.65,78.94,81.49,linkedin learning,1,5,9.8,instagram,1
7.96,8.87,92.15,97.88,coding ninja,1,4,6.4,whatsapp,0
6.59,6.4,95.66,72.19,coursera,0,4,1.1,instagram,0
8.15,9.08,92.42,89.93,udemy,1,3,2.8,linkedin,1
7.38,6.02,76.01,96.14,coursera,1,4,5,facebook,0
8.21,8.2,95.9,73.75,edx,0,5,1.7,whatsapp,1
8.17,9.72,83.19,76.51,udemy,1,5,1.9,youtube,1
7.82,7.63,77.28,85.84,coursera,1,0,7.4,linkedin,1
7.29,9.74,81.21,80.5,coding ninja,1,4,6.7,facebook,1
6.75,9.51,83.89,66.44,udemy,1,1,6,instagram,0
8.79,7.91,87.84,68.83,udemy,1,2,1.8,whatsapp,1
8.29,6.8,91.93,93.39,edx,0,3,5.9,youtube,1
6.93,9.86,81.5,67.77,edx,0,1,7.5,youtube,0
9.1,7.28,99.77,67.25,coding ninja,0,1,1.3,facebook,1
6.17,8.58,75.78,91.99,coding ninja,1,1,9.3,instagram,0
8.98,9.63,85.11,94.09,udemy,1,5,8.6,linkedin,1
8.82,6.36,86.31,94.06,linkedin learning,1,5,8.8,linkedin,0
9.25,8.3,93.7,97.29,coursera,0,2,7.3,youtube,1
7.54,8.14,81.25,99.77,udemy,0,3,2.7,linkedin,0
8.65,8.89,86.55,78.45,coding ninja,0,3,8.5,whatsapp,1
9.28,9.75,95.1,81.99,udemy,1,2,0.2,whatsapp,1
9.92,9.65,78.49,71.63,edx,1,0,9.7,instagram,0
7.98,6.7,75.3,62.69,coursera,1,5,6.8,facebook,0
6.15,9.53,95.76,63.93,udemy,1,1,6.1,instagram,0
8.01,6.7,99.56,89.02,edx,0,3,6.8,facebook,0
8.36,9.68,78.27,79.49,coursera,1,2,8.8,facebook,1
9.48,9.99,95.59,73.23,coursera,0,2,0,facebook,1
9.5,7.59,84.31,65.13,linkedin learning,0,5,4.3,instagram,1
7.76,7.98,90.76,86.22,edx,0,1,6.7,youtube,0
8.1,9.75,91.12,64,coursera,1,2,6.5,whatsapp,1
7.83,9.85,89.56,84.78,linkedin learning,1,5,8.5,facebook,0
8.89,9.7,81.47,96,linkedin learning,1,4,3.2,youtube,1
7.64,9.51,95.32,72.71,udemy,1,1,8.4,instagram,1
8.62,6.04,75.55,78.03,coding ninja,1,3,4.1,whatsapp,1
6.62,8.27,76.61,84.65,coding ninja,0,1,1.2,instagram,1
7.88,6.43,97.56,72.23,coursera,1,0,5.2,linkedin,0
9.88,9.93,86.09,83.37,coursera,0,1,5,youtube,1
7.35,7.14,78.22,82.62,coursera,1,1,5.2,facebook,0
8.77,9.96,97.63,74.58,udemy,0,0,0.4,instagram,0
8.6,8.17,95.73,72.65,linkedin learning,1,1,7.2,facebook,1
9.41,7.98,83.29,77.13,coding ninja,1,2,0.5,youtube,1
9.41,9.75,76.07,60.19,edx,1,3,9.2,youtube,1
9.44,9.4,86.52,69.85,coding ninja,1,3,5.3,whatsapp,1
7.52,7.87,79.2,68.86,linkedin learning,0,4,3.2,linkedin,0
7.27,6.77,89.35,89.59,linkedin learning,0,3,3.9,linkedin,0
8.87,6.45,95.54,77.44,edx,1,3,3.3,instagram,0
9.04,6.65,84.87,93.6,udemy,1,5,8.8,instagram,0
9.49,7.84,75.74,65.37,coding ninja,1,0,8.1,whatsapp,0
6.14,7.03,92.08,89.32,coursera,1,1,9.9,youtube,0
6.27,6.74,79.32,95.12,udemy,0,1,2.3,youtube,0
8.52,8.95,80.37,78.51,coursera,0,2,6.9,youtube,1
9.68,9.16,79.68,74.35,coding ninja,1,1,9.6,whatsapp,1
9.99,8.27,82,72.22,edx,0,0,9.2,facebook,0
8.99,9.03,97.09,82.07,udemy,0,2,2,linkedin,1
7.74,6.7,75.87,67.03,coding ninja,0,2,3.3,facebook,0
6.39,9.42,90.48,84.27,coursera,0,5,0.6,youtube,0
8.53,9.59,81.14,93.67,coding ninja,1,4,6.3,linkedin,1
9.49,9.31,82.38,94.35,linkedin learning,1,1,0.3,instagram,1
7.77,8.06,85.3,65.6,linkedin learning,1,5,4.3,whatsapp,0
8.78,6.35,88.77,81.54,coding ninja,1,0,0.2,instagram,0
9.61,8.68,76.52,70.53,coursera,1,5,8,whatsapp,1
6.18,6.74,81.99,95.45,linkedin learning,1,3,9.4,linkedin,0
9.18,6.56,78.43,63.06,coding ninja,0,0,8.4,linkedin,1
7.17,7.29,79.99,63.02,coding ninja,1,0,2.5,whatsapp,1
7.5,6.99,97.12,60.75,coursera,1,0,4.7,youtube,1
6.58,7.04,88.15,80.29,linkedin learning,1,2,9.6,instagram,0
8.12,6.94,90.77,61.25,coursera,0,4,8.3,whatsapp,0
8.26,9.02,95.05,83.28,coursera,0,2,8.2,facebook,1
9.17,9.82,94.87,76.21,coursera,0,0,5.2,youtube,0
6.68,7.21,99.74,83.6,linkedin learning,1,3,2.4,instagram,0
6.32,8.89,94.55,96.25,linkedin learning,0,2,0.7,instagram,0
9.48,6.05,83.98,82.06,udemy,1,5,6,youtube,0
8.48,8.61,88.61,81.74,edx,1,5,4.4,facebook,1
6.96,8.77,87.12,99.95,coding ninja,0,0,1,instagram,0
9.65,6.25,97.82,78.88,edx,1,3,4.5,youtube,1
6.57,6.47,87.56,91.01,coursera,1,5,1.2,linkedin,0
7.84,7.23,84.71,74.63,udemy,1,1,9.7,whatsapp,1
7.02,7.62,79.5,68.93,udemy,0,1,9.2,linkedin,0
7.02,8.01,82.97,90.89,coding ninja,1,0,3.8,instagram,1
6.04,9.58,80.48,89.33,coding ninja,0,4,8.9,linkedin,0
9.22,8.81,97.39,71.64,edx,1,5,6.9,facebook,1
9.6,7.24,94.46,78.59,edx,1,4,7.8,instagram,0
8.71,6.47,76.46,80.42,linkedin learning,0,0,0.6,whatsapp,0
6.63,9.66,99.79,75.87,edx,0,4,8,whatsapp,1
7.77,7.18,88.24,80.09,edx,1,5,0.5,whatsapp,1
7.38,8.46,94.17,86.51,coursera,0,4,6.1,facebook,0
8.35,6.88,99.99,93.92,udemy,1,4,4.3,whatsapp,0
8.56,6.53,99.35,92.26,edx,1,2,1,linkedin,1
7.7,6.61,77.5,84.56,linkedin learning,0,3,0.6,linkedin,0
7,8.99,91.42,66.63,edx,1,0,0.5,instagram,0
9.38,8.42,81.66,80.57,coursera,0,1,8.5,whatsapp,1
6.8,7.66,95.41,77.85,coding ninja,0,4,4,facebook,0
7.54,8.2,97.93,67.17,coursera,1,0,6.2,youtube,1
7.93,7.88,76.4,97.95,linkedin learning,0,2,4.1,linkedin,0
6.95,8.15,99.91,86.38,coding ninja,1,2,8.6,instagram,0
8.29,8.66,80.49,98.71,udemy,0,4,7.9,linkedin,1
8.3,6.87,96.16,89.44,linkedin learning,0,5,6.2,linkedin,0
9.97,6.99,94.93,79.34,linkedin learning,1,3,4.5,instagram,0
7.18,9.02,83.87,74.35,edx,0,5,4.6,linkedin,0
9.91,9.49,95.98,68.75,linkedin learning,1,5,4.3,linkedin,1
8.63,6.33,96.13,79.51,udemy,1,1,6.2,facebook,0
7.1,7.79,79.4,62.51,udemy,1,3,1,youtube,1
8.26,8.82,89.81,74.78,udemy,0,1,6.5,instagram,1
8.74,6.31,95.16,61.71,linkedin learning,1,1,6.8,instagram,0
8.98,8.26,92.44,68.27,coursera,1,0,0.3,whatsapp,0
6.2,6.25,97.85,96.31,linkedin learning,0,1,5.2,youtube,0
8.43,8.19,75.71,74.45,edx,0,1,5.9,linkedin,1
7.99,8.02,92.51,78.79,udemy,0,2,1.1,facebook,0
9.62,8.29,98.69,78.19,edx,1,3,0.1,whatsapp,1
7.14,6.6,89.09,61.86,udemy,0,3,7.1,instagram,0
9.2,7.31,89.08,99.22,edx,1,2,5.9,youtube,0
8.43,8.08,79.71,72.96,coding ninja,0,4,8.4,facebook,1
7.41,6.46,99.7,88.15,coding ninja,1,0,9,instagram,0
8.55,6.82,97.04,80.85,udemy,1,3,1.3,linkedin,0
8.48,8.33,87.31,93.19,edx,1,4,5.1,whatsapp,1
8.71,6.36,82.73,93.39,linkedin learning,1,2,3.6,youtube,0
8.88,8.04,87.26,70.53,coursera,0,5,4.8,whatsapp,1
8.64,9.23,77.26,81.77,linkedin learning,0,0,6.2,linkedin,0
9.35,7.81,80.82,66.95,linkedin learning,1,2,1.9,linkedin,1
8.51,8.05,80.47,86.15,coursera,0,4,1.4,instagram,1
9.61,7.83,88.16,74.61,coursera,0,3,0.4,whatsapp,1
8.59,6.23,75.02,86.13,edx,0,3,1.3,whatsapp,1
7.24,7.85,97.95,93.42,coursera,1,5,5.8,whatsapp,0
7.76,9.23,80.04,80.67,coding ninja,0,1,5.1,whatsapp,1
8.32,8.89,78.26,75.05,coursera,1,2,6.5,facebook,1
8.93,7.58,92.92,96.29,linkedin learning,1,1,3.6,instagram,1
6.36,9.27,97.97,80.65,udemy,0,2,5.8,youtube,0
7.18,8.98,96.11,74.12,coding ninja,0,3,5.4,facebook,0
8.99,8.31,83.09,94.71,coursera,1,5,1.5,whatsapp,1
6.7,6.18,75.55,79.47,coursera,1,2,4.7,linkedin,0
6.53,7.38,89.67,79.28,udemy,1,2,6,linkedin,0
8.16,6.26,97.93,84.17,edx,0,0,2.9,whatsapp,0
9.89,9.98,94.36,80.07,linkedin learning,1,5,9.7,facebook,1
8.12,9.74,96.16,65.56,udemy,1,4,5.2,facebook,1
9.65,6.28,96.52,66.62,edx,0,0,6.6,instagram,0
9.32,9.74,99.01,63.08,linkedin learning,1,5,1.4,linkedin,1
7.03,6.13,84.34,85.74,coursera,0,5,2.4,whatsapp,0
9.3,7.64,98.55,68.46,edx,0,0,8.2,facebook,0
7.93,9.08,84.89,67.48,udemy,0,5,5.6,facebook,0
9.23,9.06,77.53,74.49,coding ninja,1,5,0.5,youtube,1
8.99,9.91,82.54,88.69,udemy,0,1,3.4,instagram,1
7.35,8.58,78.41,64.73,udemy,0,2,9.8,youtube,0
6.46,7.68,78.94,69.21,coding ninja,1,4,6.4,linkedin,1
9.85,9.97,98.72,92.45,edx,1,3,2,whatsapp,1
6.56,7.53,94.8,88.81,edx,1,2,0.7,linkedin,0
9.87,9.48,99.02,79.26,udemy,0,5,1.9,whatsapp,1
9.44,9.63,91.23,79.15,udemy,1,5,4.8,facebook,1
8.9,7.5,79.36,68.43,edx,1,2,6.9,facebook,0
9.92,8.73,99.22,66.45,coding ninja,0,5,4.7,whatsapp,1
9.87,8.65,92.34,93.33,linkedin learning,0,0,6.9,linkedin,0
9.22,8.16,98.22,60.9,coding ninja,1,4,8.5,linkedin,1
7.46,8.61,94.67,61.73,coursera,1,1,5.7,instagram,0
9.16,7.39,80.58,82.94,udemy,1,3,3.4,youtube,0
6.06,6.71,89.72,66.45,edx,0,3,3,whatsapp,0
8.15,8.15,79.38,85.18,coding ninja,0,0,3.3,linkedin,0
7.82,8.12,82.67,61.57,coursera,1,3,1,facebook,0
8.69,8.91,92.21,82.89,coursera,0,2,8.8,linkedin,1
8.69,6.89,78.18,62.24,udemy,1,2,9.1,linkedin,0
8.34,6.01,93.22,70.33,linkedin learning,0,0,5,instagram,1
9.29,6.09,98.72,67.2,linkedin learning,0,1,9.2,linkedin,0
9.76,7.19,98.72,98.33,coursera,1,2,6.4,instagram,0
6.43,8.69,84.79,83.97,coding ninja,0,1,6.9,facebook,0
6.94,8.18,99.86,82.54,coursera,1,1,4.7,facebook,0
6.1,8.13,99.13,60.74,udemy,0,3,2.1,facebook,0
9.54,9.29,75.81,88.78,udemy,0,5,4.8,facebook,1
8.25,6.99,90.06,86.47,linkedin learning,1,2,7.7,facebook,0
9.66,7.38,98.03,71.34,coursera,1,5,8.1,linkedin,0
6.89,7.1,99.19,63.43,edx,0,3,8.1,youtube,0
6.25,9.75,80.52,77.97,edx,0,0,3.8,whatsapp,0
9.3,8.9,89.14,99.71,coding ninja,1,2,4,facebook,1
9.64,6.45,98.42,94.69,coding ninja,0,0,8.3,youtube,0
7.21,9.24,78.52,66.82,linkedin learning,0,3,0.1,youtube,0
7.63,7.68,93.63,93.21,udemy,0,3,0.1,youtube,0
6.56,9.06,80.95,84.03,edx,1,5,3.6,linkedin,0
9.79,9.54,99.56,91.78,edx,1,3,5.5,instagram,1
7.22,6.06,79.2,92.82,edx,0,2,1.4,facebook,0
7.97,6.82,97.13,67.28,edx,1,5,4.4,youtube,1
6.39,6.4,77.22,86.39,linkedin learning,0,3,6.3,whatsapp,0
9.55,6.13,92.72,70.58,coursera,1,0,9.1,linkedin,1
6.54,8.39,90.98,88.97,edx,1,1,3.6,linkedin,0
7.81,8.81,97.17,73.71,udemy,0,5,9.8,linkedin,0
8.68,6.19,86.17,78.14,edx,0,2,2,instagram,0
8.97,8.96,81.63,83.62,coding ninja,0,4,2.8,youtube,1
9.78,7.61,81.24,69.19,udemy,1,0,2.2,whatsapp,0
7.68,6.94,76.69,75.42,coursera,0,2,2.6,facebook,1
8.97,6.87,81.42,64.34,edx,0,3,1.7,instagram,1
6.62,9.45,77.7,68.09,linkedin learning,1,4,8.5,facebook,0
7.66,6.23,75.03,94.38,linkedin learning,1,5,2.5,youtube,0
6.4,8.02,84.65,80.17,edx,1,4,2,whatsapp,1
7.96,7.16,93.31,76.79,coding ninja,1,5,1.8,linkedin,0
7.63,9.26,99.23,65.98,linkedin learning,0,2,2.6,facebook,1
9.81,8.93,97.11,63.85,udemy,1,3,1,linkedin,1
6.13,7.28,87.33,79.03,coding ninja,1,5,8.3,youtube,0
7.48,8.39,84.47,84.59,coursera,0,0,1.4,youtube,0
7.77,8.69,88.65,61.56,coursera,1,0,6.5,youtube,0
9.8,7.28,77.54,91.35,linkedin learning,1,5,8.9,linkedin,0
9.42,7.21,86.99,80.13,coding ninja,0,5,3.4,facebook,1
